{
    "f0,f1": [
        [
            13186.860126355548,
            13192.341700078081,
            13195.763923173226,
            13200.447648239255,
            13226.444667219394,
            13233.16588305899,
            13236.848215787175,
            13239.672586814426,
            13243.03951911491,
            13248.674090417464,
            13250.410071415705,
            13251.536352580753,
            13252.952663450631,
            13247.471089728098,
            13244.048866632953,
            13239.365141566925,
            13213.368122586786,
            13206.64690674719,
            13202.964574019004,
            13200.140202991754,
            13196.77327069127,
            13191.138699388715,
            13189.402718390475,
            13188.276437225426,
            13186.860126355548
        ],
        [
            3400.1401116164175,
            3388.776599294941,
            3386.6713505447337,
            3386.122571872764,
            3384.106042443365,
            3383.8740202411104,
            3384.0959688691996,
            3386.5049495999633,
            3392.8883854880446,
            3412.3099651380567,
            3434.6901646543306,
            3458.5994986404426,
            3489.0023685903,
            3500.3658809117765,
            3502.471129661984,
            3503.0199083339535,
            3505.0364377633528,
            3505.2684599656072,
            3505.046511337518,
            3502.6375306067544,
            3496.254094718673,
            3476.832515068661,
            3454.452315552387,
            3430.542981566275,
            3400.1401116164175
        ]
    ],
    "f0,f2": [
        [
            13205.581354326052,
            13240.990180378136,
            13243.802432701272,
            13247.484765429457,
            13252.96633915199,
            13254.092620317038,
            13251.982183929173,
            13250.565873059295,
            13244.93130175674,
            13241.564369456257,
            13240.557940882049,
            13237.653658575273,
            13234.231435480127,
            13198.822609428044,
            13196.010357104908,
            13192.328024376722,
            13186.84645065419,
            13185.720169489141,
            13187.830605877007,
            13189.246916746884,
            13194.88148804944,
            13198.248420349923,
            13199.25484892413,
            13202.159131230906,
            13205.581354326052
        ],
        [
            1601.0902345050406,
            1601.9870543423265,
            1615.6097812501341,
            1639.5769442677436,
            1680.9506543248642,
            1702.6271719493009,
            1785.9527986193036,
            1818.4717129263352,
            1938.6152946226114,
            1986.2337118626808,
            1999.792882230615,
            2026.4399274349742,
            2036.76811894644,
            2035.871299109154,
            2022.2485722013464,
            1998.281409183737,
            1956.9076991266163,
            1935.2311815021797,
            1851.905554832177,
            1819.3866405251454,
            1699.2430588288692,
            1651.6246415887997,
            1638.0654712208654,
            1611.4184260165064,
            1601.0902345050406
        ]
    ],
    "f0,f3": [
        [
            13185.258331423214,
            13186.674642293092,
            13191.35836735912,
            13200.881060303316,
            13206.515631605871,
            13209.937854701016,
            13213.620187429202,
            13219.101761151735,
            13225.82297699133,
            13247.248992594297,
            13250.61592489478,
            13253.428177217917,
            13254.554458382965,
            13253.138147513087,
            13248.45442244706,
            13238.931729502863,
            13233.297158200308,
            13229.874935105163,
            13226.192602376977,
            13220.711028654445,
            13213.989812814849,
            13192.563797211882,
            13189.196864911399,
            13186.384612588263,
            13185.258331423214
        ],
        [
            319.2818813312412,
            312.2569995229317,
            301.2514453254209,
            280.16564101091257,
            274.3512453501099,
            271.26957624212724,
            271.14110161089917,
            271.24656928856126,
            274.020181667258,
            283.6965195750411,
            285.5243310269338,
            292.5720382924812,
            295.93305098485865,
            302.95793279316814,
            313.963486990679,
            335.0492913051873,
            340.86368696599,
            343.9453560739726,
            344.0738307052007,
            343.9683630275386,
            341.1947506488419,
            331.51841274105874,
            329.69060128916607,
            322.6428940236187,
            319.2818813312412
        ]
    ],
    "f1,f2": [
        [
            3430.8027491931543,
            3461.205619143012,
            3485.74779003833,
            3509.657124024442,
            3511.7623727746495,
            3511.9843214027387,
            3512.1065352578944,
            3511.8413411392085,
            3509.7699226157365,
            3503.386486727655,
            3483.964907077643,
            3469.7032433350396,
            3458.3397310135633,
            3427.9368610637057,
            3403.3946901683876,
            3379.4853561822756,
            3377.380107432068,
            3377.158158803979,
            3377.0359449488233,
            3377.301139067509,
            3379.372557590981,
            3385.7559934790625,
            3405.1775731290745,
            3419.439236871678,
            3430.8027491931543
        ],
        [
            1632.8060875877836,
            1600.287173280752,
            1604.5799142443402,
            1626.2564318687769,
            1636.5846233802426,
            1660.5517863978525,
            1674.1745133056602,
            1687.7336836735944,
            1714.3807288779535,
            1761.999146118023,
            1882.1427278142992,
            1963.6785558065762,
            2005.052265863697,
            2037.5711801707284,
            2033.2784392071403,
            2011.6019215827037,
            2001.2737300712379,
            1977.306567053628,
            1963.6838401458203,
            1950.124669777886,
            1923.477624573527,
            1875.8592073334576,
            1755.7156256371813,
            1674.1797976449043,
            1632.8060875877836
        ]
    ],