{
    "f0,f1": [
        [
            13186.860126355548,
            13192.341700078081,
            13195.763923173226,
            13200.447648239255,
            13226.444667219394,
            13233.16588305899,
            13236.848215787175,
            13239.672586814426,
            13243.03951911491,
            13248.674090417464,
            13250.410071415705,
            13251.536352580753,
            13252.952663450631,
            13247.471089728098,
            13244.048866632953,
            13239.365141566925,
            13213.368122586786,
            13206.64690674719,
            13202.964574019004,
            13200.140202991754,
            13196.77327069127,
            13191.138699388715,
            13189.402718390475,
            13188.276437225426,
            13186.860126355548
        ],
        [
            3400.1401116164175,
            3388.776599294941,
            3386.6713505447337,
            3386.122571872764,
            3384.106042443365,
            3383.8740202411104,
            3384.0959688691996,
            3386.5049495999633,
            3392.8883854880446,
            3412.3099651380567,
            3434.6901646543306,
            3458.5994986404426,
            3489.0023685903,
            3500.3658809117765,
            3502.471129661984,
            3503.0199083339535,
            3505.0364377633528,
            3505.2684599656072,
            3505.046511337518,
            3502.6375306067544,
            3496.254094718673,
            3476.832515068661,
            3454.452315552387,
            3430.542981566275,
            3400.1401116164175
        ]
    ],
    "f0,f2": [
        [
            13205.581354326052,
            13240.990180378136,
            13243.802432701272,
            13247.484765429457,
            13252.96633915199,
            13254.092620317038,
            13251.982183929173,
            13250.565873059295,
            13244.93130175674,
            13241.564369456257,
            13240.557940882049,
            13237.653658575273,
            13234.231435480127,
            13198.822609428044,
            13196.010357104908,
            13192.328024376722,
            13186.84645065419,
            13185.720169489141,
            13187.830605877007,
            13189.246916746884,
            13194.88148804944,
            13198.248420349923,
            13199.25484892413,
            13202.159131230906,
            13205.581354326052
        ],
        [
            1601.0902345050406,
            1601.9870543423265,
            1615.6097812501341,
            1639.5769442677436,
            1680.9506543248642,
            1702.6271719493009,
            1785.9527986193036,
            1818.4717129263352,
            1938.6152946226114,
            1986.2337118626808,
            1999.792882230615,
            2026.4399274349742,
            2036.76811894644,
            2035.871299109154,
            2022.2485722013464,
            1998.281409183737,
            1956.9076991266163,
            1935.2311815021797,
            1851.905554832177,
            1819.3866405251454,
            1699.2430588288692,
            1651.6246415887997,
            1638.0654712208654,
            1611.4184260165064,
            1601.0902345050406
        ]
    ],
    "f0,f3": [
        [
            13185.258331423214,
            13186.674642293092,
            13191.35836735912,
            13200.881060303316,
            13206.515631605871,
            13209.937854701016,
            13213.620187429202,
            13219.101761151735,
            13225.82297699133,
            13247.248992594297,
            13250.61592489478,
            13253.428177217917,
            13254.554458382965,
            13253.138147513087,
            13248.45442244706,
            13238.931729502863,
            13233.297158200308,
            13229.874935105163,
            13226.192602376977,
            13220.711028654445,
            13213.989812814849,
            13192.563797211882,
            13189.196864911399,
            13186.384612588263,
            13185.258331423214
        ],
        [
            319.28188133124115,
            312.25699952293166,
            301.25144532542083,
            280.1656410109125,
            274.3512453501098,
            271.2695762421272,
            271.1411016108991,
            271.2465692885612,
            274.02018166725804,
            283.6965195750412,
            285.52433102693385,
            292.57203829248124,
            295.9330509848587,
            302.9579327931682,
            313.96348699067903,
            335.04929130518735,
            340.86368696599004,
            343.9453560739727,
            344.07383070520075,
            343.96836302753866,
            341.1947506488418,
            331.5184127410587,
            329.690601289166,
            322.6428940236186,
            319.28188133124115
        ]
    ],
    "f1,f0": [
        [
            3383.8740202411104,
            3384.106042443365,
            3386.122571872764,
            3386.6713505447337,
            3388.776599294941,
            3400.1401116164175,
            3430.542981566275,
            3454.452315552387,
            3476.832515068661,
            3496.254094718673,
            3502.6375306067544,
            3505.046511337518,
            3505.2684599656072,
            3505.0364377633528,
            3503.0199083339535,
            3502.471129661984,
            3500.3658809117765,
            3489.0023685903,
            3458.5994986404426,
            3434.6901646543306,
            3412.3099651380567,
            3392.8883854880446,
            3386.5049495999633,
            3384.0959688691996,
            3383.8740202411104
        ],
        [
            13233.16588305899,
            13226.444667219394,
            13200.447648239255,
            13195.763923173226,
            13192.341700078081,
            13186.860126355548,
            13188.276437225426,
            13189.402718390475,
            13191.138699388715,
            13196.77327069127,
            13200.140202991754,
            13202.964574019004,
            13206.64690674719,
            13213.368122586786,
            13239.365141566925,
            13244.048866632953,
            13247.471089728098,
            13252.952663450631,
            13251.536352580753,
            13250.410071415705,
            13248.674090417464,
            13243.03951911491,
            13239.672586814426,
            13236.848215787175,
            13233.16588305899
        ]
    ],